-- MySQL dump 10.18  Distrib 10.3.27-MariaDB, for debian-linux-gnueabihf (armv8l)
--
-- Host: localhost    Database: AGdb
-- ------------------------------------------------------
-- Server version	10.3.27-MariaDB-0+deb10u1

/*!40101 SET @OLD_CHARACTER_SET_CLIENT=@@CHARACTER_SET_CLIENT */;
/*!40101 SET @OLD_CHARACTER_SET_RESULTS=@@CHARACTER_SET_RESULTS */;
/*!40101 SET @OLD_COLLATION_CONNECTION=@@COLLATION_CONNECTION */;
/*!40101 SET NAMES utf8mb4 */;
/*!40103 SET @OLD_TIME_ZONE=@@TIME_ZONE */;
/*!40103 SET TIME_ZONE='+00:00' */;
/*!40014 SET @OLD_UNIQUE_CHECKS=@@UNIQUE_CHECKS, UNIQUE_CHECKS=0 */;
/*!40014 SET @OLD_FOREIGN_KEY_CHECKS=@@FOREIGN_KEY_CHECKS, FOREIGN_KEY_CHECKS=0 */;
/*!40101 SET @OLD_SQL_MODE=@@SQL_MODE, SQL_MODE='NO_AUTO_VALUE_ON_ZERO' */;
/*!40111 SET @OLD_SQL_NOTES=@@SQL_NOTES, SQL_NOTES=0 */;

--
-- Table structure for table `parameters`
--

DROP TABLE IF EXISTS `parameters`;
/*!40101 SET @saved_cs_client     = @@character_set_client */;
/*!40101 SET character_set_client = utf8 */;
CREATE TABLE `parameters` (
  `id` int(11) NOT NULL AUTO_INCREMENT,
  `name` varchar(20) DEFAULT NULL,
  `unit` varchar(5) DEFAULT NULL,
  PRIMARY KEY (`id`)
) ENGINE=InnoDB AUTO_INCREMENT=9 DEFAULT CHARSET=utf8mb4;
/*!40101 SET character_set_client = @saved_cs_client */;

--
-- Dumping data for table `parameters`
--

LOCK TABLES `parameters` WRITE;
/*!40000 ALTER TABLE `parameters` DISABLE KEYS */;
INSERT INTO `parameters` VALUES (1,'Temperatur','°C'),(2,'Helligkeit','h'),(3,'Luftfeuchtigkeit','°C'),(4,'Bodenfeuchtigkeit','°C');
/*!40000 ALTER TABLE `parameters` ENABLE KEYS */;
UNLOCK TABLES;

--
-- Table structure for table `programm_parameter`
--

DROP TABLE IF EXISTS `programm_parameter`;
/*!40101 SET @saved_cs_client     = @@character_set_client */;
/*!40101 SET character_set_client = utf8 */;
CREATE TABLE `programm_parameter` (
  `id` int(11) NOT NULL AUTO_INCREMENT,
  `id_programm` int(11) DEFAULT NULL,
  `id_parameter` int(11) DEFAULT NULL,
  `value` varchar(4) DEFAULT NULL,
  PRIMARY KEY (`id`)
) ENGINE=InnoDB AUTO_INCREMENT=57 DEFAULT CHARSET=utf8mb4;
/*!40101 SET character_set_client = @saved_cs_client */;

--
-- Dumping data for table `programm_parameter`
--

LOCK TABLES `programm_parameter` WRITE;
/*!40000 ALTER TABLE `programm_parameter` DISABLE KEYS */;
INSERT INTO `programm_parameter` VALUES (1,1,1,'25'),(2,1,2,'8'),(3,1,3,'60'),(4,1,4,'50'),(5,2,1,'20'),(6,2,2,'6'),(7,2,3,'50'),(8,2,4,'40'),(9,4,1,'1'),(10,4,2,'2'),(11,4,3,'3'),(12,4,4,'4'),(13,5,1,''),(14,5,2,''),(15,5,3,'2'),(16,5,4,'2'),(17,8,1,''),(18,8,2,''),(19,8,3,''),(20,8,4,''),(21,8,1,'1'),(22,8,2,'1'),(23,8,3,'1'),(24,8,4,'1'),(25,8,1,''),(26,8,2,''),(27,8,3,''),(28,8,4,''),(29,11,1,'20'),(30,11,2,'12'),(31,11,3,'50'),(32,11,4,'80'),(33,12,1,'11'),(34,12,2,'11'),(35,12,3,'11'),(36,12,4,'11'),(37,13,1,'22'),(38,13,2,'12'),(39,13,3,'33'),(40,13,4,'44'),(41,14,1,'11'),(42,14,2,'22'),(43,14,3,'33'),(44,14,4,'44'),(45,15,1,'9'),(46,15,2,'4'),(47,15,3,'15'),(48,15,4,'30'),(49,16,1,'33'),(50,16,2,'4'),(51,16,3,'45'),(52,16,4,'67'),(53,17,1,'3'),(54,17,2,'4'),(55,17,3,'5'),(56,17,4,'6');
/*!40000 ALTER TABLE `programm_parameter` ENABLE KEYS */;
UNLOCK TABLES;

--
-- Table structure for table `programms`
--

DROP TABLE IF EXISTS `programms`;
/*!40101 SET @saved_cs_client     = @@character_set_client */;
/*!40101 SET character_set_client = utf8 */;
CREATE TABLE `programms` (
  `id` int(11) NOT NULL AUTO_INCREMENT,
  `name` varchar(20) DEFAULT NULL,
  `date_created` timestamp NOT NULL DEFAULT current_timestamp() ON UPDATE current_timestamp(),
  PRIMARY KEY (`id`)
) ENGINE=InnoDB AUTO_INCREMENT=18 DEFAULT CHARSET=utf8mb4;
/*!40101 SET character_set_client = @saved_cs_client */;

--
-- Dumping data for table `programms`
--

LOCK TABLES `programms` WRITE;
/*!40000 ALTER TABLE `programms` DISABLE KEYS */;
INSERT INTO `programms` VALUES (1,'Testprogramm','2021-03-24 23:15:18'),(2,'Testprogramm1','2021-03-24 23:15:18'),(4,'a','2021-03-29 14:14:45'),(5,'1','2021-03-29 14:14:52'),(8,'','2021-04-05 11:24:52'),(9,'','2021-04-05 11:26:25'),(10,'','2021-04-05 11:32:56'),(11,'abcd','2021-04-06 17:50:54'),(12,'aa','2021-04-06 17:53:36'),(13,'testXY','2021-04-06 17:58:07'),(14,'abcdaa','2021-04-06 18:01:38'),(15,'Testprogramm11','2021-04-06 18:06:26'),(16,'Testprogramm123','2021-04-06 18:09:56'),(17,'Testprogramm122','2021-04-06 18:54:46');
/*!40000 ALTER TABLE `programms` ENABLE KEYS */;
UNLOCK TABLES;

--
-- Table structure for table `satellite_programm`
--

DROP TABLE IF EXISTS `satellite_programm`;
/*!40101 SET @saved_cs_client     = @@character_set_client */;
/*!40101 SET character_set_client = utf8 */;
CREATE TABLE `satellite_programm` (
  `id` int(11) NOT NULL AUTO_INCREMENT,
  `id_satellite` int(11) DEFAULT NULL,
  `id_programm` int(11) DEFAULT NULL,
  PRIMARY KEY (`id`),
  KEY `id_satellite` (`id_satellite`),
  KEY `id_programm` (`id_programm`),
  CONSTRAINT `satellite_programm_ibfk_1` FOREIGN KEY (`id_satellite`) REFERENCES `satellites` (`id`),
  CONSTRAINT `satellite_programm_ibfk_2` FOREIGN KEY (`id_programm`) REFERENCES `programms` (`id`)
) ENGINE=InnoDB AUTO_INCREMENT=393 DEFAULT CHARSET=utf8mb4;
/*!40101 SET character_set_client = @saved_cs_client */;

--
-- Dumping data for table `satellite_programm`
--

LOCK TABLES `satellite_programm` WRITE;
/*!40000 ALTER TABLE `satellite_programm` DISABLE KEYS */;
INSERT INTO `satellite_programm` VALUES (1,1,1),(2,1,2),(3,2,1),(4,2,2),(5,3,1),(6,3,2),(7,4,1),(8,4,2),(9,1,4),(10,2,4),(11,3,4),(12,4,4),(13,1,5),(14,2,5),(15,3,5),(16,4,5),(17,5,1),(18,5,2),(19,5,4),(20,5,5),(21,6,1),(22,6,2),(23,6,4),(24,6,5),(25,7,1),(26,7,2),(27,7,4),(28,7,5),(29,8,1),(30,8,2),(31,8,4),(32,8,5),(33,9,1),(34,9,2),(35,9,4),(36,9,5),(37,10,1),(38,10,2),(39,10,4),(40,10,5),(41,10,1),(42,10,2),(43,10,4),(44,10,5),(45,12,1),(46,12,2),(47,12,4),(48,12,5),(49,13,1),(50,13,2),(51,13,4),(52,13,5),(53,14,1),(54,14,2),(55,14,4),(56,14,5),(85,14,1),(86,14,2),(87,14,4),(88,14,5),(89,14,1),(90,14,2),(91,14,4),(92,14,5),(93,1,8),(94,2,8),(95,3,8),(96,4,8),(97,5,8),(98,6,8),(99,7,8),(100,8,8),(101,9,8),(102,10,8),(103,11,8),(104,12,8),(105,13,8),(106,14,8),(107,15,8),(108,16,8),(109,1,8),(110,2,8),(111,3,8),(112,4,8),(113,5,8),(114,6,8),(115,7,8),(116,8,8),(117,9,8),(118,10,8),(119,11,8),(120,12,8),(121,13,8),(122,14,8),(123,15,8),(124,16,8),(125,14,1),(126,14,2),(127,14,4),(128,14,5),(129,14,8),(130,14,9),(131,14,1),(132,14,2),(133,14,4),(134,14,5),(135,14,8),(136,14,9),(137,1,8),(138,2,8),(139,3,8),(140,4,8),(141,5,8),(142,6,8),(143,7,8),(144,8,8),(145,9,8),(146,10,8),(147,11,8),(148,12,8),(149,13,8),(150,14,8),(151,15,8),(152,16,8),(153,17,8),(154,18,8),(155,14,1),(156,14,2),(157,14,4),(158,14,5),(159,14,8),(160,14,9),(161,14,10),(162,14,1),(163,14,2),(164,14,4),(165,14,5),(166,14,8),(167,14,9),(168,14,10),(169,14,1),(170,14,2),(171,14,4),(172,14,5),(173,14,8),(174,14,9),(175,14,10),(176,22,1),(177,22,2),(178,22,4),(179,22,5),(180,22,8),(181,22,9),(182,22,10),(183,23,1),(184,23,2),(185,23,4),(186,23,5),(187,23,8),(188,23,9),(189,23,10),(190,22,1),(191,22,2),(192,22,4),(193,22,5),(194,22,8),(195,22,9),(196,22,10),(197,1,11),(198,2,11),(199,3,11),(200,4,11),(201,5,11),(202,6,11),(203,7,11),(204,8,11),(205,9,11),(206,10,11),(207,11,11),(208,12,11),(209,13,11),(210,14,11),(211,15,11),(212,16,11),(213,17,11),(214,18,11),(215,19,11),(216,20,11),(217,21,11),(218,22,11),(219,23,11),(220,24,11),(221,1,12),(222,2,12),(223,3,12),(224,4,12),(225,5,12),(226,6,12),(227,7,12),(228,8,12),(229,9,12),(230,10,12),(231,11,12),(232,12,12),(233,13,12),(234,14,12),(235,15,12),(236,16,12),(237,17,12),(238,18,12),(239,19,12),(240,20,12),(241,21,12),(242,22,12),(243,23,12),(244,24,12),(245,25,1),(246,25,2),(247,25,4),(248,25,5),(249,25,8),(250,25,9),(251,25,10),(252,25,11),(253,25,12),(254,1,13),(255,2,13),(256,3,13),(257,4,13),(258,5,13),(259,6,13),(260,7,13),(261,8,13),(262,9,13),(263,10,13),(264,11,13),(265,12,13),(266,13,13),(267,14,13),(268,15,13),(269,16,13),(270,17,13),(271,18,13),(272,19,13),(273,20,13),(274,21,13),(275,22,13),(276,23,13),(277,24,13),(278,25,13),(279,1,14),(280,2,14),(281,3,14),(282,4,14),(283,5,14),(284,6,14),(285,7,14),(286,8,14),(287,9,14),(288,10,14),(289,11,14),(290,12,14),(291,13,14),(292,14,14),(293,15,14),(294,16,14),(295,17,14),(296,18,14),(297,19,14),(298,20,14),(299,21,14),(300,22,14),(301,23,14),(302,24,14),(303,25,14),(304,26,1),(305,26,2),(306,26,4),(307,26,5),(308,26,8),(309,26,9),(310,26,10),(311,26,11),(312,26,12),(313,26,13),(314,26,14),(315,1,15),(316,2,15),(317,3,15),(318,4,15),(319,5,15),(320,6,15),(321,7,15),(322,8,15),(323,9,15),(324,10,15),(325,11,15),(326,12,15),(327,13,15),(328,14,15),(329,15,15),(330,16,15),(331,17,15),(332,18,15),(333,19,15),(334,20,15),(335,21,15),(336,22,15),(337,23,15),(338,24,15),(339,25,15),(340,26,15),(341,1,16),(342,2,16),(343,3,16),(344,4,16),(345,5,16),(346,6,16),(347,7,16),(348,8,16),(349,9,16),(350,10,16),(351,11,16),(352,12,16),(353,13,16),(354,14,16),(355,15,16),(356,16,16),(357,17,16),(358,18,16),(359,19,16),(360,20,16),(361,21,16),(362,22,16),(363,23,16),(364,24,16),(365,25,16),(366,26,16),(367,1,17),(368,2,17),(369,3,17),(370,4,17),(371,5,17),(372,6,17),(373,7,17),(374,8,17),(375,9,17),(376,10,17),(377,11,17),(378,12,17),(379,13,17),(380,14,17),(381,15,17),(382,16,17),(383,17,17),(384,18,17),(385,19,17),(386,20,17),(387,21,17),(388,22,17),(389,23,17),(390,24,17),(391,25,17),(392,26,17);
/*!40000 ALTER TABLE `satellite_programm` ENABLE KEYS */;
UNLOCK TABLES;

--
-- Table structure for table `satellites`
--

DROP TABLE IF EXISTS `satellites`;
/*!40101 SET @saved_cs_client     = @@character_set_client */;
/*!40101 SET character_set_client = utf8 */;
CREATE TABLE `satellites` (
  `id` int(11) NOT NULL AUTO_INCREMENT,
  `name` varchar(20) DEFAULT NULL,
  `ip_addr` varchar(36) DEFAULT NULL,
  `current_programm` int(2) DEFAULT NULL,
  PRIMARY KEY (`id`)
) ENGINE=InnoDB AUTO_INCREMENT=27 DEFAULT CHARSET=utf8mb4;
/*!40101 SET character_set_client = @saved_cs_client */;

--
-- Dumping data for table `satellites`
--

LOCK TABLES `satellites` WRITE;
/*!40000 ALTER TABLE `satellites` DISABLE KEYS */;
INSERT INTO `satellites` VALUES (1,'Testsatellit','192.168.1.100',1),(2,'Sat9000','192.168.1.9',1),(3,'DemoSat','192.168.1.16',1),(4,'test3','192.168.1.1001',NULL),(5,'TestSatellit123','',5),(6,'Prototyp','10.0.16.14',1),(7,'PrototypX','10.0.16.142',1),(8,'PrototypXY','192.168.1.244',NULL),(9,'TestSatellit100','192.168.1.199',NULL),(10,'TestSatellit12345','192.168.1.113',NULL),(11,'TestSatellit12345','192.168.1.113',NULL),(12,'TestSatellit34','192.168.1.34',NULL),(13,'TT','192.168.1.133',NULL),(14,'','',NULL),(15,'','',NULL),(16,'','',NULL),(17,'','',NULL),(18,'','',NULL),(19,'','',NULL),(20,'','',NULL),(21,'','',NULL),(22,'abcd','192.168.1.299',NULL),(23,'PrototypX2','10.0.16.151',1),(24,'abcd','10.10.0.10',NULL),(25,'aa','1.1.1.100',NULL),(26,'abcd1234','192.168.1.1',NULL);
/*!40000 ALTER TABLE `satellites` ENABLE KEYS */;
UNLOCK TABLES;

--
-- Table structure for table `sensordata`
--

DROP TABLE IF EXISTS `sensordata`;
/*!40101 SET @saved_cs_client     = @@character_set_client */;
/*!40101 SET character_set_client = utf8 */;
CREATE TABLE `sensordata` (
  `id` int(11) NOT NULL AUTO_INCREMENT,
  `id_satellite_programm` int(11) DEFAULT NULL,
  `date` date DEFAULT NULL,
  `time` time DEFAULT NULL,
  `temperature` float DEFAULT NULL,
  `brightness` int(4) DEFAULT NULL,
  `airhumidity` float DEFAULT NULL,
  `soilhumidity` float DEFAULT NULL,
  PRIMARY KEY (`id`),
  KEY `id_satellite_programm` (`id_satellite_programm`),
  CONSTRAINT `sensordata_ibfk_1` FOREIGN KEY (`id_satellite_programm`) REFERENCES `satellite_programm` (`id`)
) ENGINE=InnoDB AUTO_INCREMENT=186 DEFAULT CHARSET=utf8mb4;
/*!40101 SET character_set_client = @saved_cs_client */;

--
-- Dumping data for table `sensordata`
--

LOCK TABLES `sensordata` WRITE;
/*!40000 ALTER TABLE `sensordata` DISABLE KEYS */;
INSERT INTO `sensordata` VALUES (1,1,'2021-03-20','23:15:18',20,10,80,70),(2,1,'2021-03-21','23:15:18',10,8,40,60),(3,1,'2021-03-22','23:15:18',20,6,60,40),(4,1,'2021-03-23','23:15:18',30,5,50,20),(5,1,'2021-03-24','23:15:18',25,8,60,50),(6,1,'2021-03-25','16:53:39',20,10,80,30),(7,1,'2021-03-25','16:53:48',20,10,50,30),(8,1,'2021-03-25','16:53:55',15,10,50,30),(9,5,'2021-03-26','01:20:34',22,NULL,49,NULL),(10,5,'2021-03-26','01:23:09',22,NULL,49,NULL),(11,5,'2021-03-26','01:23:11',22,NULL,49,NULL),(12,5,'2021-03-26','01:23:11',22,NULL,49,NULL),(13,5,'2021-03-26','01:23:12',22,NULL,49,NULL),(14,5,'2021-03-26','01:23:13',22,NULL,49,NULL),(15,5,'2021-03-26','01:23:13',22,NULL,49,NULL),(16,5,'2021-03-26','01:23:24',22,NULL,49,NULL),(17,5,'2021-03-26','01:23:27',22,NULL,49,NULL),(18,5,'2021-03-26','01:23:28',22,NULL,49,NULL),(19,5,'2021-03-26','01:23:28',22,NULL,49,NULL),(20,5,'2021-03-26','01:23:29',22,NULL,49,NULL),(21,5,'2021-03-26','01:23:29',22,NULL,49,NULL),(22,5,'2021-03-26','01:23:29',22,NULL,49,NULL),(23,5,'2021-03-26','01:23:30',22,NULL,49,NULL),(24,5,'2021-03-26','01:23:30',22,NULL,49,NULL),(25,5,'2021-03-26','01:23:30',22,NULL,49,NULL),(26,5,'2021-03-26','01:23:30',22,NULL,49,NULL),(27,5,'2021-03-26','01:23:31',22,NULL,49,NULL),(28,5,'2021-03-26','01:23:31',22,NULL,49,NULL),(29,5,'2021-03-26','01:23:31',22,NULL,49,NULL),(30,1,'2021-04-01','18:28:05',25,1000,70.1,110.111),(31,25,'2021-04-01','18:37:32',24,974,46,113.908),(32,25,'2021-04-01','18:37:42',24,974,46,113.908),(33,25,'2021-04-01','18:39:57',24,989,46,115.117),(34,25,'2021-04-01','18:59:04',24,991,47,117.876),(35,25,'2021-04-01','19:00:03',24,979,47,120.181),(36,25,'2021-04-01','19:01:00',24,978,47,119.085),(37,25,'2021-04-01','19:01:01',24,978,47,119.085),(38,25,'2021-04-01','19:01:02',24,978,47,119.085),(39,25,'2021-04-01','19:01:05',24,978,47,119.085),(40,25,'2021-04-01','19:01:09',24,978,47,119.085),(41,25,'2021-04-01','19:11:34',24,1077,46,117.271),(42,25,'2021-04-01','19:12:21',24,1072,46,119.161),(43,25,'2021-04-01','19:39:54',23,995,80,114.815),(44,25,'2021-04-01','19:40:09',23,995,80,114.815),(45,25,'2021-04-01','19:40:10',23,995,80,114.815),(46,25,'2021-04-01','19:40:12',23,995,80,114.815),(47,25,'2021-04-01','19:44:36',24,994,85,116.667),(48,25,'2021-04-01','19:44:39',24,994,85,116.667),(49,25,'2021-04-01','19:44:42',24,994,85,116.667),(50,25,'2021-04-01','19:47:32',28,1039,62,118.103),(51,25,'2021-04-01','19:47:36',28,995,20,118.103),(52,25,'2021-04-01','19:47:42',28,995,20,109.599),(53,25,'2021-04-01','19:48:24',27,995,68,109.599),(54,25,'2021-04-01','19:50:25',25,1022,85,106.765),(55,25,'2021-04-01','19:56:15',22,1008,66,108.201),(56,25,'2021-04-01','19:57:28',24,1019,69,115.079),(57,25,'2021-04-01','20:02:04',26,1015,93,135.525),(58,25,'2021-04-01','20:07:33',24,1011,63,111.716),(59,25,'2021-04-01','20:09:19',25,1015,60,120.937),(60,25,'2021-04-01','20:10:16',24,1008,72,125.624),(61,25,'2021-04-01','20:11:35',25,1003,86,117.612),(62,25,'2021-04-01','20:12:18',25,1003,86,117.612),(63,25,'2021-04-01','20:14:00',25,1008,93,111.754),(64,25,'2021-04-01','20:17:46',24,1011,88,119.123),(65,25,'2021-04-01','20:33:24',227,1008,56,110.129),(66,25,'2021-04-01','20:42:18',25,1008,56,110.129),(67,25,'2021-04-01','20:53:28',29,1012,61,122.033),(68,25,'2021-04-01','21:04:52',24,1010,95,113.114),(69,25,'2021-04-01','21:06:02',24,1010,95,113.114),(70,25,'2021-04-01','21:07:02',24,1010,95,113.114),(71,25,'2021-04-01','21:08:03',24,1010,95,113.114),(72,25,'2021-04-01','21:09:02',25,1008,76,115.533),(73,25,'2021-04-01','21:10:03',25,1008,76,115.533),(74,25,'2021-04-01','21:11:02',25,1008,76,115.533),(75,25,'2021-04-01','21:12:02',26,997,60,120.144),(76,25,'2021-04-01','21:13:03',26,1653,54,110.884),(77,25,'2021-04-01','21:14:02',26,1120,56,112.056),(78,25,'2021-04-01','21:15:02',24,1015,86,114.739),(79,25,'2021-04-01','21:16:01',24,1,95,116.289),(80,25,'2021-04-01','21:17:03',25,995,95,117.385),(81,25,'2021-04-01','21:18:03',25,995,95,117.385),(82,25,'2021-04-01','21:19:02',25,995,95,117.385),(83,25,'2021-04-01','21:20:02',25,995,95,117.385),(84,25,'2021-04-01','21:21:02',25,999,95,119.085),(85,25,'2021-04-01','21:22:03',25,999,95,119.085),(86,25,'2021-04-01','21:23:02',25,999,95,119.085),(87,25,'2021-04-01','21:24:02',25,998,95,112.358),(88,25,'2021-04-01','21:25:02',24,999,95,115.344),(89,25,'2021-04-01','21:26:02',24,999,95,115.344),(90,25,'2021-04-01','21:27:03',24,999,95,115.344),(91,25,'2021-04-01','21:28:02',24,999,95,115.344),(92,25,'2021-04-01','21:29:03',24,988,90,113.568),(93,25,'2021-04-01','21:40:03',25,1,45,34.0136),(94,25,'2021-04-01','21:42:03',24,1,67,114.89),(95,25,'2021-04-01','21:43:02',24,993,74,108.428),(96,25,'2021-04-01','21:44:03',24,993,74,108.428),(97,25,'2021-04-01','21:45:03',24,993,74,108.428),(98,25,'2021-04-01','21:47:03',25,998,56,88.2464),(99,25,'2021-04-01','21:48:02',24,1,62,104.838),(100,25,'2021-04-01','21:49:03',24,1,62,104.838),(101,25,'2021-04-01','21:50:02',24,1,62,104.838),(102,25,'2021-04-01','21:51:03',24,1,62,104.838),(103,25,'2021-04-01','21:52:02',24,1,62,104.838),(104,25,'2021-04-01','21:53:03',26,1,57,110.204),(105,25,'2021-04-01','21:54:02',26,1,57,110.204),(106,25,'2021-04-01','21:56:02',26,1,88,119.048),(107,25,'2021-04-01','21:57:03',26,1,88,119.048),(108,25,'2021-04-01','22:03:03',27,1,46,115.306),(109,25,'2021-04-01','22:04:02',26,1,56,108.541),(110,25,'2021-04-01','22:05:03',25,1,79,112.661),(111,25,'2021-04-01','22:06:02',26,1,84,114.172),(112,25,'2021-04-01','22:07:03',26,979,88,115.268),(113,25,'2021-04-01','22:08:02',26,976,91,114.928),(114,25,'2021-04-01','22:09:03',25,979,95,110.884),(115,25,'2021-04-01','22:10:02',25,976,95,114.626),(116,25,'2021-04-01','22:11:03',25,976,93,116.667),(117,25,'2021-04-01','22:12:03',23,979,91,119.312),(118,25,'2021-04-01','22:13:02',23,979,91,119.312),(119,25,'2021-04-01','22:14:03',23,979,91,119.312),(120,25,'2021-04-01','22:15:02',23,979,91,119.312),(121,25,'2021-04-01','22:16:03',23,979,91,119.312),(122,25,'2021-04-01','22:17:03',23,979,91,119.312),(123,25,'2021-04-01','22:18:02',23,979,91,119.312),(124,25,'2021-04-01','22:19:03',23,979,91,119.312),(125,25,'2021-04-01','22:20:02',23,979,91,119.312),(126,25,'2021-04-01','22:21:02',23,976,57,111.225),(127,25,'2021-04-01','22:22:03',23,976,57,111.225),(128,25,'2021-04-01','22:23:03',23,976,57,111.225),(129,25,'2021-04-01','22:24:02',25,970,83,116.667),(130,25,'2021-04-01','22:25:02',25,974,86,120.144),(131,25,'2021-04-01','22:30:02',24,973,84,119.501),(132,25,'2021-04-01','22:31:02',24,973,84,119.501),(133,25,'2021-04-01','22:32:03',27,985,63,113.643),(134,25,'2021-04-01','22:33:02',24,1,65,108.579),(135,25,'2021-04-01','22:34:02',24,1,65,108.579),(136,25,'2021-04-01','22:35:02',25,983,53,115.344),(137,25,'2021-04-01','22:36:02',25,979,14,112.358),(138,25,'2021-04-01','22:37:02',25,979,14,112.358),(139,25,'2021-04-01','22:38:02',25,985,81,107.634),(140,25,'2021-04-01','22:39:03',26,977,89,132.011),(141,25,'2021-04-01','22:40:02',26,979,92,118.103),(142,25,'2021-04-01','22:42:41',25,987,95,154.762),(143,25,'2021-04-01','22:42:43',25,987,95,154.762),(144,25,'2021-04-01','22:42:44',25,987,95,154.762),(145,25,'2021-04-01','22:43:03',25,987,95,154.762),(146,25,'2021-04-01','22:48:02',25,907,57,154.762),(147,25,'2021-04-01','22:49:03',25,848,53,120.295),(148,25,'2021-04-01','22:50:02',25,864,52,108.352),(149,25,'2021-04-01','22:51:03',25,864,52,108.352),(150,25,'2021-04-01','22:53:02',24,847,82,120.635),(151,25,'2021-04-01','22:54:03',24,847,82,120.635),(152,25,'2021-04-01','22:55:02',24,847,82,120.635),(153,183,'2021-04-05','21:34:32',23,0,88,0),(154,183,'2021-04-05','21:35:02',23,0,88,0),(155,183,'2021-04-05','21:36:02',23,0,88,0),(156,183,'2021-04-05','21:37:02',23,0,88,0),(157,183,'2021-04-05','21:38:02',23,0,88,0),(158,183,'2021-04-05','21:39:02',23,0,88,0),(159,183,'2021-04-05','21:40:02',23,0,88,0),(160,183,'2021-04-05','21:41:02',23,0,88,0),(161,183,'2021-04-05','21:49:02',24,0,53,0),(162,183,'2021-04-05','21:50:02',24,0,53,0),(163,183,'2021-04-05','21:51:02',24,0,53,0),(164,183,'2021-04-05','21:52:03',24,0,53,0),(165,183,'2021-04-05','21:53:02',24,0,53,0),(166,183,'2021-04-05','21:56:02',23,0,89,0),(167,183,'2021-04-05','21:57:02',23,0,89,0),(168,183,'2021-04-05','21:58:02',23,0,89,0),(169,183,'2021-04-05','21:59:02',23,0,89,0),(170,183,'2021-04-05','22:15:02',24,0,55,0),(171,183,'2021-04-05','22:20:03',23,0,89,0),(172,183,'2021-04-05','22:21:03',23,0,89,0),(173,183,'2021-04-05','22:22:02',23,0,89,0),(174,183,'2021-04-05','22:23:02',23,0,89,0),(175,183,'2021-04-05','22:24:02',23,0,89,0),(176,183,'2021-04-05','22:25:02',23,0,89,0),(177,183,'2021-04-05','22:26:08',23,0,89,0),(178,183,'2021-04-05','22:27:02',23,0,89,0),(179,183,'2021-04-05','22:28:02',23,0,89,0),(180,183,'2021-04-05','22:29:02',23,0,89,0),(181,183,'2021-04-05','22:30:03',23,0,89,0),(182,183,'2021-04-05','22:31:02',23,0,89,0),(183,183,'2021-04-05','22:32:08',23,0,89,0),(184,183,'2021-04-05','22:33:02',23,0,89,0),(185,183,'2021-04-05','22:34:03',23,0,89,0);
/*!40000 ALTER TABLE `sensordata` ENABLE KEYS */;
UNLOCK TABLES;
/*!40103 SET TIME_ZONE=@OLD_TIME_ZONE */;

/*!40101 SET SQL_MODE=@OLD_SQL_MODE */;
/*!40014 SET FOREIGN_KEY_CHECKS=@OLD_FOREIGN_KEY_CHECKS */;
/*!40014 SET UNIQUE_CHECKS=@OLD_UNIQUE_CHECKS */;
/*!40101 SET CHARACTER_SET_CLIENT=@OLD_CHARACTER_SET_CLIENT */;
/*!40101 SET CHARACTER_SET_RESULTS=@OLD_CHARACTER_SET_RESULTS */;
/*!40101 SET COLLATION_CONNECTION=@OLD_COLLATION_CONNECTION */;
/*!40111 SET SQL_NOTES=@OLD_SQL_NOTES */;

-- Dump completed on 2021-04-06 20:22:13
